Drainage,Status,BlockingSleeper,PipeAxis_deg,SleeperAxis_deg,AngleDiff_deg,CurrentClearance_mm,MoveDirection,RequiredOffset_mm,FinalClearance_mm
7462A,CLEAR,68387,-154.836,25.15,0.015,62.6,NONE,0.0,62.6
7462B,CLEAR,6837E,-154.448,25.537,0.014,69.0,NONE,0.0,69.0
7462C,CLEAR,68375,-154.061,25.925,0.015,61.7,NONE,0.0,61.7
7462D,CLEAR,6836C,-153.673,26.312,0.015,78.2,NONE,0.0,78.2
7462E,CLEAR,68363,-153.286,26.699,0.015,84.3,NONE,0.0,84.3
7462F,CLEAR,6835A,-152.898,27.087,0.015,82.8,NONE,0.0,82.8
74630,MOVE,68351,-152.511,27.474,0.015,-31.5,-Normal,175.0,7.3
74631,CLEAR,68348,-152.123,27.861,0.016,70.6,NONE,0.0,70.6
74632,CLEAR,6833F,-151.736,28.249,0.015,73.1,NONE,0.0,73.1
74633,CLEAR,68336,-151.348,28.636,0.016,68.7,NONE,0.0,68.7
74634,CLEAR,6832D,-150.961,29.023,0.016,59.4,NONE,0.0,59.4
74635,CLEAR,68324,-150.573,29.411,0.016,66.1,NONE,0.0,66.1
74636,CLEAR,6831B,-150.186,29.798,0.016,84.5,NONE,0.0,84.5
74637,CLEAR,68313,-149.798,30.142,0.059,89.1,NONE,0.0,89.1
74638,CLEAR,68309,-149.411,30.573,0.017,81.6,NONE,0.0,81.6
74639,CLEAR,68300,-149.023,30.961,0.016,80.0,NONE,0.0,80.0
7463A,CLEAR,682F7,-148.654,31.328,0.018,73.2,NONE,0.0,73.2
7463B,CLEAR,682EE,-148.35,31.632,0.018,83.0,NONE,0.0,83.0
7463C,CLEAR,682E5,-148.093,31.888,0.018,77.5,NONE,0.0,77.5
7463D,CLEAR,682DC,-147.84,32.142,0.018,73.7,NONE,0.0,73.7
7463E,CLEAR,682D3,-147.691,32.291,0.018,74.9,NONE,0.0,74.9
7463F,CLEAR,682CA,-147.59,32.392,0.018,77.9,NONE,0.0,77.9
74640,CLEAR,682C1,-147.536,32.446,0.018,72.8,NONE,0.0,72.8
74641,CLEAR,682B8,-147.527,32.455,0.018,64.0,NONE,0.0,64.0
74642,CLEAR,682AF,-147.527,32.455,0.018,85.1,NONE,0.0,85.1
74643,CLEAR,682A6,-147.527,32.455,0.018,76.4,NONE,0.0,76.4
74644,CLEAR,6829D,-147.527,32.455,0.018,72.2,NONE,0.0,72.2
74645,CLEAR,68294,-147.527,32.455,0.018,76.3,NONE,0.0,76.3
74646,CLEAR,6828B,-147.527,32.455,0.018,54.9,NONE,0.0,54.9
74647,CLEAR,68282,-147.527,32.455,0.018,75.4,NONE,0.0,75.4
74648,CLEAR,68279,-147.527,32.455,0.018,79.9,NONE,0.0,79.9
74649,CLEAR,68270,-147.527,32.455,0.018,84.3,NONE,0.0,84.3
7464A,CLEAR,68268,-147.527,32.455,0.018,92.7,NONE,0.0,92.7
7464B,CLEAR,6825E,-147.527,32.455,0.018,69.1,NONE,0.0,69.1
7464C,CLEAR,68255,-147.527,32.455,0.018,73.3,NONE,0.0,73.3
7464D,CLEAR,6824C,-147.527,32.455,0.018,84.0,NONE,0.0,84.0
7464E,CLEAR,68243,-147.527,32.455,0.018,80.6,NONE,0.0,80.6
7464F,CLEAR,6823A,-147.527,32.455,0.018,74.9,NONE,0.0,74.9
74650,CLEAR,68232,-147.527,32.455,0.018,87.6,NONE,0.0,87.6
74651,CLEAR,68229,-147.527,32.455,0.018,77.3,NONE,0.0,77.3
74652,CLEAR,68220,-147.527,32.455,0.018,83.2,NONE,0.0,83.2
74653,CLEAR,68216,-147.527,32.455,0.018,95.8,NONE,0.0,95.8
74654,CLEAR,6820E,-147.527,32.455,0.018,90.5,NONE,0.0,90.5
74655,CLEAR,68205,-147.527,32.455,0.018,88.4,NONE,0.0,88.4
74656,CLEAR,681FB,-147.527,32.455,0.018,72.0,NONE,0.0,72.0
74657,CLEAR,681F3,-147.527,32.455,0.018,82.9,NONE,0.0,82.9
74658,CLEAR,681EA,-147.527,32.455,0.018,84.0,NONE,0.0,84.0
74659,CLEAR,681E0,-147.527,32.455,0.018,74.4,NONE,0.0,74.4
7465A,CLEAR,681D8,-147.527,32.455,0.018,85.3,NONE,0.0,85.3
7465B,CLEAR,681CF,-147.527,32.455,0.018,89.4,NONE,0.0,89.4
7465C,CLEAR,681C6,-147.527,32.455,0.018,78.6,NONE,0.0,78.6
7465D,CLEAR,681BC,-147.527,32.455,0.018,79.0,NONE,0.0,79.0
7465E,CLEAR,681B3,-147.527,32.455,0.018,86.7,NONE,0.0,86.7
7465F,CLEAR,681AA,-147.527,32.455,0.018,60.1,NONE,0.0,60.1
74660,CLEAR,681A1,-147.527,32.455,0.018,76.7,NONE,0.0,76.7
74661,CLEAR,68198,-147.527,32.455,0.018,70.9,NONE,0.0,70.9
74662,CLEAR,68190,-147.527,32.455,0.018,81.7,NONE,0.0,81.7
74663,CLEAR,68186,-147.527,32.455,0.018,78.2,NONE,0.0,78.2
74664,CLEAR,6817D,-147.527,32.455,0.018,51.2,NONE,0.0,51.2
74665,CLEAR,68174,-147.527,32.455,0.018,51.2,NONE,0.0,51.2
74666,CLEAR,6816B,-147.527,32.455,0.018,51.2,NONE,0.0,51.2
74667,CLEAR,68162,-147.527,32.455,0.018,61.2,NONE,0.0,61.2
74668,CLEAR,68159,-147.527,32.455,0.018,61.2,NONE,0.0,61.2
74669,CLEAR,68150,-147.527,32.455,0.018,61.2,NONE,0.0,61.2
7466A,CLEAR,68147,-147.527,32.455,0.018,61.2,NONE,0.0,61.2
7466B,CLEAR,6813E,-147.527,32.455,0.018,71.2,NONE,0.0,71.2
7466C,CLEAR,68135,-147.527,32.455,0.018,77.8,NONE,0.0,77.8
7466D,CLEAR,6812C,-147.527,32.455,0.018,71.2,NONE,0.0,71.2
7466E,CLEAR,68123,-147.527,32.455,0.018,81.2,NONE,0.0,81.2
7466F,CLEAR,6811A,-147.527,32.455,0.018,81.2,NONE,0.0,81.2
74670,CLEAR,68111,-147.527,32.455,0.018,81.2,NONE,0.0,81.2
74671,CLEAR,68108,-147.527,32.455,0.018,91.2,NONE,0.0,91.2
74672,CLEAR,680FF,-147.527,32.455,0.018,91.2,NONE,0.0,91.2
74673,CLEAR,680F6,-147.527,32.455,0.018,91.2,NONE,0.0,91.2
74674,CLEAR,680ED,-147.527,32.455,0.018,91.2,NONE,0.0,91.2
74675,CLEAR,680E4,-147.527,32.455,0.018,83.3,NONE,0.0,83.3
74676,CLEAR,680DB,-147.527,32.455,0.018,75.9,NONE,0.0,75.9
74677,CLEAR,680D3,-147.527,32.455,0.018,86.1,NONE,0.0,86.1
74678,CLEAR,680C9,-147.527,32.455,0.018,83.4,NONE,0.0,83.4
74679,CLEAR,680C0,-147.527,32.455,0.018,82.0,NONE,0.0,82.0
7467A,CLEAR,680B7,-147.527,32.455,0.018,84.2,NONE,0.0,84.2
7467B,CLEAR,680AE,-147.527,32.455,0.018,78.9,NONE,0.0,78.9
7467C,CLEAR,680A5,-147.527,32.455,0.018,72.4,NONE,0.0,72.4
7467D,CLEAR,6809C,-147.527,32.455,0.018,79.5,NONE,0.0,79.5
7467E,MOVE,68093,-147.527,32.455,0.018,-3.0,-Normal,175.0,14.3
7467F,CLEAR,68089,-147.527,32.455,0.018,84.9,NONE,0.0,84.9
74680,CLEAR,68081,-147.527,32.455,0.018,72.3,NONE,0.0,72.3
74681,CLEAR,68078,-147.527,32.455,0.018,75.1,NONE,0.0,75.1
74682,CLEAR,6806F,-147.527,32.455,0.018,80.5,NONE,0.0,80.5
74683,CLEAR,68066,-147.527,32.455,0.018,62.9,NONE,0.0,62.9
74684,CLEAR,6805D,-147.527,32.455,0.018,70.1,NONE,0.0,70.1
74685,CLEAR,68054,-147.527,32.455,0.018,74.4,NONE,0.0,74.4
74686,CLEAR,6804B,-147.527,32.455,0.018,80.8,NONE,0.0,80.8
74687,CLEAR,68043,-147.527,32.455,0.018,86.4,NONE,0.0,86.4
74688,CLEAR,68039,-147.527,32.455,0.018,27.0,NONE,0.0,27.0
74689,CLEAR,68030,-147.527,32.455,0.018,37.0,NONE,0.0,37.0
7468A,CLEAR,68027,-147.527,32.455,0.018,37.0,NONE,0.0,37.0
7468B,CLEAR,6801E,-147.527,32.455,0.018,37.0,NONE,0.0,37.0
7468C,CLEAR,68015,-147.527,32.455,0.018,47.0,NONE,0.0,47.0
7468D,CLEAR,6800C,-147.527,32.455,0.018,47.0,NONE,0.0,47.0
7468E,CLEAR,68003,-147.527,32.455,0.018,47.0,NONE,0.0,47.0
7468F,CLEAR,67FFA,-147.527,32.455,0.018,57.0,NONE,0.0,57.0
74690,CLEAR,67FF1,-147.527,32.455,0.018,57.0,NONE,0.0,57.0
74691,CLEAR,67FE8,-147.527,32.455,0.018,57.0,NONE,0.0,57.0
74692,CLEAR,67FDF,-147.527,32.455,0.018,81.2,NONE,0.0,81.2
74693,CLEAR,67FD6,-147.527,32.455,0.018,67.0,NONE,0.0,67.0
74694,CLEAR,67FCD,-147.527,32.455,0.018,67.0,NONE,0.0,67.0
74695,CLEAR,67FC4,-147.527,32.455,0.018,67.0,NONE,0.0,67.0
74696,CLEAR,67FBB,-147.527,32.455,0.018,77.0,NONE,0.0,77.0
74697,CLEAR,67FB2,-147.527,32.455,0.018,77.0,NONE,0.0,77.0
74698,CLEAR,67FA9,-147.527,32.455,0.018,77.0,NONE,0.0,77.0
74699,CLEAR,67FA0,-147.527,32.455,0.018,87.0,NONE,0.0,87.0
7469A,CLEAR,67F97,-147.527,32.455,0.018,87.0,NONE,0.0,87.0
7469B,CLEAR,67F8E,-147.527,32.455,0.018,87.0,NONE,0.0,87.0
7469C,CLEAR,67F85,-147.527,32.455,0.018,87.0,NONE,0.0,87.0
7469D,CLEAR,67F7D,-147.527,32.455,0.018,89.3,NONE,0.0,89.3
7469E,CLEAR,67F74,-147.527,32.455,0.018,89.3,NONE,0.0,89.3
7469F,CLEAR,67F6B,-147.527,32.455,0.018,89.3,NONE,0.0,89.3
746A0,CLEAR,67F62,-147.527,32.455,0.018,79.3,NONE,0.0,79.3
746A1,CLEAR,67F59,-147.527,32.455,0.018,79.3,NONE,0.0,79.3
746A2,CLEAR,67F50,-147.527,32.455,0.018,79.3,NONE,0.0,79.3
746A3,CLEAR,67F47,-147.527,32.455,0.018,79.3,NONE,0.0,79.3
746A4,CLEAR,67F3E,-147.527,32.455,0.018,69.3,NONE,0.0,69.3
746A5,CLEAR,67F36,-147.527,32.455,0.018,82.5,NONE,0.0,82.5
746A6,CLEAR,67F2C,-147.527,32.455,0.018,69.3,NONE,0.0,69.3
746A7,CLEAR,67F23,-147.527,32.455,0.018,59.3,NONE,0.0,59.3
746A8,CLEAR,67F1A,-147.527,32.455,0.018,59.3,NONE,0.0,59.3
746A9,CLEAR,67F11,-147.527,32.455,0.018,59.3,NONE,0.0,59.3
746AA,CLEAR,67F08,-147.527,32.455,0.018,49.3,NONE,0.0,49.3
746AB,CLEAR,67EFF,-147.527,32.455,0.018,49.3,NONE,0.0,49.3
746AC,CLEAR,67EF6,-147.527,32.455,0.018,49.3,NONE,0.0,49.3
746AD,CLEAR,67EED,-147.527,32.455,0.018,49.3,NONE,0.0,49.3
746AE,CLEAR,67EE4,-147.527,32.455,0.018,39.3,NONE,0.0,39.3
746AF,CLEAR,67EDB,-147.527,32.455,0.018,72.4,NONE,0.0,72.4
746B0,CLEAR,67ED2,-147.527,32.455,0.018,39.3,NONE,0.0,39.3
746B1,CLEAR,67EC9,-147.527,32.455,0.018,29.3,NONE,0.0,29.3
746B2,CLEAR,67EC0,-147.527,32.455,0.018,29.3,NONE,0.0,29.3
746B3,CLEAR,67EB7,-147.527,32.455,0.018,29.3,NONE,0.0,29.3
746B4,CLEAR,67EAE,-147.527,32.455,0.018,19.3,NONE,0.0,19.3
746B5,CLEAR,67EA5,-147.527,32.455,0.018,19.3,NONE,0.0,19.3
746B6,CLEAR,67E9C,-147.527,32.455,0.018,19.3,NONE,0.0,19.3
746B7,CLEAR,67E93,-147.527,32.455,0.018,19.3,NONE,0.0,19.3
746B8,CLEAR,67E8A,-147.527,32.455,0.018,9.3,NONE,0.0,9.3
746B9,CLEAR,67E81,-147.527,32.455,0.018,9.3,NONE,0.0,9.3
746BA,CLEAR,67E78,-147.527,32.455,0.018,9.3,NONE,0.0,9.3
746BB,MOVE,67E6F,-147.527,32.455,0.018,-0.7,+Normal,175.0,12.0
746BC,MOVE,67E66,-147.527,32.455,0.018,-0.7,+Normal,175.0,12.0
746BD,MOVE,67E5D,-147.527,32.455,0.018,-0.7,+Normal,175.0,12.0
746BE,MOVE,67E54,-147.527,32.455,0.018,-10.7,+Normal,175.0,22.0
746BF,MOVE,67E4B,-147.527,32.455,0.018,-10.7,+Normal,175.0,22.0
746C0,MOVE,67E42,-147.527,32.455,0.018,-10.7,+Normal,175.0,22.0
746C1,MOVE,67E39,-147.527,32.455,0.018,-10.7,+Normal,175.0,32.0
746C2,MOVE,67E30,-147.527,32.455,0.018,-20.7,+Normal,175.0,32.0
746C3,MOVE,67E27,-147.527,32.455,0.018,-20.7,+Normal,175.0,32.0
746C4,MOVE,67E1E,-147.527,32.455,0.018,-20.7,+Normal,175.0,32.0
746C5,MOVE,67E15,-147.527,32.455,0.018,-30.7,+Normal,175.0,42.0
746C6,MOVE,67E0C,-147.527,32.455,0.018,-30.7,+Normal,175.0,42.0
746C7,MOVE,67E03,-147.527,32.455,0.018,-30.7,+Normal,175.0,42.0
746C8,MOVE,67DFA,-147.527,32.455,0.018,-31.5,+Normal,175.0,52.0
746C9,MOVE,67DF1,-147.527,32.455,0.018,-31.5,+Normal,175.0,52.0
746CA,MOVE,67DE8,-147.527,32.455,0.018,-31.5,+Normal,175.0,52.0
746CB,MOVE,67DDF,-147.527,32.455,0.018,-31.5,+Normal,175.0,62.0
746CC,MOVE,67DD6,-147.527,32.455,0.018,-31.5,+Normal,175.0,62.0
746CD,MOVE,67DCD,-147.527,32.455,0.018,-31.5,+Normal,175.0,62.0
746CE,MOVE,67DC4,-147.527,32.455,0.018,-31.5,+Normal,175.0,62.0
746CF,MOVE,67DBB,-147.527,32.455,0.018,-31.5,+Normal,175.0,72.0
746D0,MOVE,67DB2,-147.527,32.455,0.018,-31.5,+Normal,175.0,72.0
746D1,MOVE,67DA9,-147.527,32.455,0.018,-31.5,+Normal,175.0,72.0
746D2,MOVE,67DA0,-147.527,32.455,0.018,-31.5,+Normal,175.0,82.0
746D3,MOVE,67D97,-147.527,32.455,0.018,-31.5,+Normal,175.0,82.0
746D4,MOVE,67D8E,-147.527,32.455,0.018,-31.5,+Normal,175.0,82.0
746D5,MOVE,67D85,-147.527,32.455,0.018,-31.5,+Normal,175.0,92.0
746D6,MOVE,67D7C,-147.527,32.455,0.018,-31.5,+Normal,175.0,92.0
746D7,MOVE,67D73,-147.527,32.455,0.018,-31.5,+Normal,175.0,92.0
746D8,MOVE,67D6A,-147.527,32.455,0.018,-31.5,+Normal,175.0,92.0
746D9,MOVE,67D61,-147.527,32.455,0.018,-31.5,+Normal,175.0,84.3
746DA,MOVE,67D58,-147.527,32.455,0.018,-31.5,+Normal,175.0,84.3
746DB,MOVE,67D4F,-147.527,32.455,0.018,-31.5,+Normal,175.0,84.3
746DC,MOVE,67D46,-147.527,32.455,0.018,-31.5,+Normal,175.0,74.3
746DD,MOVE,67D3D,-147.527,32.455,0.018,-31.5,+Normal,175.0,74.3
746DE,MOVE,67D34,-147.527,32.455,0.018,-31.5,+Normal,175.0,74.3
746DF,MOVE,67D2B,-147.527,32.455,0.018,-31.5,+Normal,175.0,74.3
746E0,MOVE,67D22,-147.527,32.455,0.018,-31.5,+Normal,175.0,64.3
746E1,MOVE,67D19,-147.527,32.455,0.018,-31.5,+Normal,175.0,64.3
746E2,MOVE,67D10,-147.527,32.455,0.018,-31.5,+Normal,175.0,64.3
746E3,MOVE,67D07,-147.527,32.455,0.018,-31.5,+Normal,175.0,54.3
746E4,MOVE,67CFE,-147.527,32.455,0.018,-31.5,+Normal,175.0,54.3
746E5,MOVE,67CF5,-147.527,32.455,0.018,-31.5,+Normal,175.0,54.3
746E6,MOVE,67CEC,-147.527,32.455,0.018,-31.5,+Normal,175.0,44.3
746E7,MOVE,67CE3,-147.527,32.455,0.018,-31.5,+Normal,175.0,44.3
746E8,MOVE,67CDA,-147.527,32.455,0.018,-31.5,+Normal,175.0,44.3
746E9,MOVE,67CD1,-147.527,32.455,0.018,-31.5,+Normal,175.0,44.3
746EA,MOVE,67CC8,-147.527,32.455,0.018,-31.5,+Normal,175.0,34.3
746EB,MOVE,67CBF,-147.527,32.455,0.018,-31.5,+Normal,175.0,34.3
746EC,MOVE,67CB6,-147.527,32.455,0.018,-31.5,+Normal,175.0,34.3
746ED,MOVE,67CAD,-147.527,32.455,0.018,-31.5,+Normal,175.0,24.3
746EE,MOVE,67CA4,-147.527,32.455,0.018,-31.5,+Normal,175.0,24.3
746EF,MOVE,67C9B,-147.527,32.455,0.018,-31.5,+Normal,175.0,24.3
746F0,MOVE,67C92,-147.527,32.455,0.018,-31.5,+Normal,175.0,14.3
746F1,MOVE,67C89,-147.527,32.455,0.018,-31.5,+Normal,175.0,14.3
746F2,MOVE,67C80,-147.527,32.455,0.018,-31.5,+Normal,175.0,14.3
746F3,MOVE,67C77,-147.527,32.455,0.018,-31.5,+Normal,175.0,14.3
746F4,MOVE,67C6E,-147.527,32.455,0.018,-31.5,+Normal,175.0,4.3
746F5,MOVE,67C65,-147.438,32.543,0.019,-31.5,+Normal,175.0,5.6
746F6,MOVE,67C5C,-147.335,32.646,0.019,-31.5,+Normal,175.0,7.0
746F7,MOVE,67C53,-147.232,32.749,0.019,-31.5,+Normal,225.0,48.3
746F8,MOVE,67C4A,-147.129,32.852,0.019,-31.5,+Normal,225.0,49.7
746F9,MOVE,67C41,-147.026,32.955,0.019,-31.5,+Normal,175.0,1.0
746FA,MOVE,67C38,-146.923,33.059,0.019,-31.5,+Normal,225.0,42.4
746FB,MOVE,67C2F,-146.819,33.162,0.019,-31.5,+Normal,225.0,43.7
746FC,MOVE,67C26,-146.716,33.265,0.019,-31.5,+Normal,225.0,45.1
746FD,MOVE,67C1D,-146.613,33.368,0.019,-31.5,+Normal,225.0,46.5
746FE,MOVE,67C14,-146.51,33.472,0.019,-31.5,+Normal,225.0,37.8
746FF,MOVE,67C0B,-146.407,33.575,0.019,-31.5,+Normal,225.0,39.2
74700,MOVE,67C02,-146.303,33.678,0.019,-31.5,+Normal,225.0,40.5
74701,MOVE,67BF9,-146.2,33.781,0.018,-31.5,+Normal,225.0,31.9
74702,MOVE,67BF0,-146.097,33.885,0.018,-31.5,+Normal,225.0,33.2
74703,MOVE,67BE7,-145.994,33.988,0.018,-31.5,+Normal,225.0,34.6
74704,MOVE,67BDE,-145.891,34.091,0.018,-31.5,+Normal,225.0,25.9
74705,MOVE,67BD5,-145.787,34.194,0.018,-31.5,+Normal,225.0,27.3
74706,MOVE,67BCC,-145.684,34.297,0.018,-31.5,+Normal,225.0,28.6
74707,MOVE,67BC3,-145.581,34.401,0.018,-31.5,+Normal,225.0,30.0
74708,MOVE,67BBA,-145.478,34.504,0.018,-31.5,+Normal,225.0,21.3
74709,MOVE,67BB1,-145.375,34.607,0.018,-31.5,+Normal,225.0,22.7
7470A,MOVE,67BA8,-145.272,34.71,0.018,-31.5,+Normal,225.0,24.0
7470B,MOVE,67B9F,-145.168,34.814,0.018,-31.5,-Normal,225.0,21.1
7470C,MOVE,67B96,-145.159,34.823,0.018,-31.5,-Normal,225.0,21.0
7470D,MOVE,67B8D,-145.159,34.823,0.018,-31.5,-Normal,225.0,21.0
7470E,MOVE,67B84,-145.159,34.823,0.018,-31.5,-Normal,225.0,31.0
7470F,MOVE,67B7B,-145.159,34.823,0.018,-31.5,-Normal,225.0,31.0
74710,MOVE,67B72,-145.159,34.823,0.018,-31.5,-Normal,225.0,31.0
74711,MOVE,67B69,-145.159,34.823,0.018,-31.5,-Normal,225.0,31.0
74712,MOVE,67B60,-145.159,34.823,0.018,-31.5,-Normal,225.0,41.0
74713,MOVE,67B57,-145.159,34.823,0.018,-31.5,-Normal,225.0,41.0
74714,MOVE,67B4E,-145.159,34.823,0.018,-31.5,-Normal,225.0,41.0
74715,MOVE,67B45,-145.159,34.823,0.018,-31.5,-Normal,175.0,1.0
74716,MOVE,67B3C,-145.159,34.823,0.018,-31.5,-Normal,175.0,1.0
74717,MOVE,67B33,-145.159,34.823,0.018,-31.5,-Normal,175.0,1.0
74718,MOVE,67B2A,-145.159,34.823,0.018,-31.5,-Normal,175.0,11.0
74719,MOVE,67B21,-145.159,34.823,0.018,-31.5,-Normal,175.0,11.0
7471A,MOVE,67B18,-145.159,34.823,0.018,-31.5,-Normal,175.0,11.0
7471B,MOVE,67B0F,-145.159,34.823,0.018,-31.5,-Normal,175.0,11.0
7471C,MOVE,67B06,-145.159,34.823,0.018,-31.5,-Normal,175.0,21.0
7471D,MOVE,67AFD,-145.159,34.823,0.018,-31.5,-Normal,175.0,21.0
7471E,MOVE,67AF4,-145.159,34.823,0.018,-31.5,-Normal,175.0,21.0
7471F,MOVE,67AEB,-145.159,34.823,0.018,-31.5,-Normal,175.0,31.0
74720,MOVE,67AE2,-145.159,34.823,0.018,-31.5,-Normal,175.0,31.0
74721,MOVE,67AD9,-145.159,34.823,0.018,-31.5,-Normal,175.0,31.0
74722,MOVE,67AD0,-145.159,34.823,0.018,-31.5,-Normal,175.0,41.0
74723,MOVE,67AC7,-145.159,34.823,0.018,-31.5,-Normal,175.0,41.0
74724,MOVE,67ABE,-145.159,34.823,0.018,-31.5,-Normal,175.0,41.0
74725,MOVE,67AB5,-145.159,34.823,0.018,-31.5,-Normal,175.0,41.0
74726,MOVE,67AAC,-145.159,34.823,0.018,-31.5,-Normal,175.0,51.0
74727,MOVE,67AA3,-145.159,34.823,0.018,-31.5,-Normal,175.0,51.0
74728,MOVE,67A9A,-145.159,34.823,0.018,-31.5,-Normal,175.0,51.0
74729,MOVE,67A91,-145.159,34.823,0.018,-31.5,-Normal,175.0,61.0
7472A,MOVE,67A88,-145.124,34.858,0.018,-31.5,-Normal,175.0,60.5
7472B,MOVE,67A7F,-145.047,34.935,0.018,-31.5,-Normal,175.0,59.5
7472C,MOVE,67A76,-144.847,35.135,0.018,-31.5,-Normal,175.0,66.9
7472D,MOVE,67A6D,-144.659,35.323,0.018,-31.5,-Normal,175.0,64.4
7472E,MOVE,67A64,-144.294,35.688,0.018,-31.5,-Normal,175.0,59.6
7472F,MOVE,67A5B,-143.995,35.987,0.018,-31.5,-Normal,175.0,55.7
74730,MOVE,67A52,-143.463,36.519,0.018,-31.5,-Normal,175.0,58.8
74731,MOVE,67A49,-142.832,37.15,0.018,-31.5,-Normal,175.0,50.5
74732,MOVE,67A40,-142.356,37.626,0.018,-31.5,-Normal,175.0,44.2
74733,MOVE,67A37,-141.559,38.423,0.018,-31.5,-Normal,175.0,43.8
74734,MOVE,67A2E,-140.972,39.01,0.018,-31.5,-Normal,175.0,36.1
74735,MOVE,67A25,-140.009,39.973,0.018,-31.5,-Normal,175.0,23.5
74736,MOVE,67A1C,-139.148,40.843,0.009,-31.5,-Normal,175.0,22.2
74737,MOVE,67A13,-138.26,41.729,0.011,-31.5,-Normal,175.0,10.6
74738,MOVE,67A0A,-137.372,42.615,0.013,-31.5,-Normal,225.0,48.9
74739,MOVE,67A01,-136.483,43.501,0.015,-31.5,-Normal,225.0,37.3
7473A,MOVE,679F8,-135.595,44.389,0.015,-31.5,-Normal,225.0,35.6
7473B,MOVE,679EF,-134.707,45.275,0.017,-31.5,-Normal,225.0,24.0
7473C,MOVE,679E6,-133.819,46.162,0.019,-31.5,+Normal,225.0,24.1
7473D,CLEAR,679DE,-132.931,46.951,0.118,87.7,NONE,0.0,87.7
7473E,CLEAR,679D4,-132.043,47.935,0.021,77.0,NONE,0.0,77.0
7473F,CLEAR,679CB,-131.155,48.822,0.023,68.3,NONE,0.0,68.3
74740,CLEAR,679C2,-130.267,49.709,0.024,67.5,NONE,0.0,67.5
74741,CLEAR,679B9,-129.379,50.596,0.025,69.7,NONE,0.0,69.7
74742,CLEAR,679B0,-128.491,51.482,0.027,88.2,NONE,0.0,88.2
74743,CLEAR,679A8,-127.603,52.269,0.128,90.4,NONE,0.0,90.4
74744,CLEAR,6799E,-126.715,53.256,0.03,72.9,NONE,0.0,72.9
74745,CLEAR,67995,-125.827,54.142,0.031,70.4,NONE,0.0,70.4
74746,CLEAR,6798C,-124.939,55.028,0.033,71.8,NONE,0.0,71.8
74747,CLEAR,67983,-124.051,55.916,0.034,70.3,NONE,0.0,70.3
74748,CLEAR,6797A,-123.163,56.802,0.036,81.7,NONE,0.0,81.7
74749,CLEAR,67971,-122.275,57.688,0.037,73.1,NONE,0.0,73.1
7474A,CLEAR,67968,-121.387,58.576,0.038,88.2,NONE,0.0,88.2
7474B,CLEAR,6795F,-120.499,59.462,0.04,69.1,NONE,0.0,69.1
7474C,CLEAR,67956,-119.61,60.348,0.042,80.1,NONE,0.0,80.1
7474D,CLEAR,6794C,-118.722,61.334,0.057,95.4,NONE,0.0,95.4
7474E,CLEAR,67944,-117.834,62.122,0.044,73.0,NONE,0.0,73.0
7474F,CLEAR,6793B,-116.946,63.008,0.046,90.4,NONE,0.0,90.4
74750,CLEAR,67933,-116.058,63.796,0.146,83.4,NONE,0.0,83.4
74751,CLEAR,67929,-115.17,64.782,0.048,60.1,NONE,0.0,60.1
74752,CLEAR,67920,-114.282,65.668,0.05,82.3,NONE,0.0,82.3
74753,CLEAR,67917,-113.394,66.554,0.052,78.3,NONE,0.0,78.3
74754,CLEAR,6790E,-112.506,67.442,0.052,73.6,NONE,0.0,73.6
74755,CLEAR,67905,-111.618,68.328,0.054,81.1,NONE,0.0,81.1
74756,CLEAR,678FC,-110.73,69.214,0.056,66.7,NONE,0.0,66.7
74757,CLEAR,678F3,-109.842,70.1,0.058,32.6,NONE,0.0,32.6
74758,CLEAR,678EA,-108.954,70.988,0.058,49.7,NONE,0.0,49.7
74759,CLEAR,678E1,-108.066,71.874,0.06,45.9,NONE,0.0,45.9
7475A,CLEAR,678D8,-107.178,72.761,0.062,57.5,NONE,0.0,57.5
7475B,CLEAR,678CF,-106.29,73.648,0.062,59.1,NONE,0.0,59.1
7475C,CLEAR,678C6,-105.402,74.534,0.064,70.7,NONE,0.0,70.7
7475D,CLEAR,678BD,-104.514,75.421,0.066,82.3,NONE,0.0,82.3
7475E,CLEAR,678B4,-103.626,76.308,0.066,84.0,NONE,0.0,84.0
7475F,CLEAR,678AA,-102.788,77.193,0.018,90.6,NONE,0.0,90.6
74760,CLEAR,678A1,-101.825,78.157,0.018,78.0,NONE,0.0,78.0
74761,CLEAR,67898,-101.238,78.744,0.018,80.3,NONE,0.0,80.3
74762,CLEAR,6788F,-100.441,79.541,0.018,69.8,NONE,0.0,69.8
74763,CLEAR,67885,-99.965,80.238,0.203,64.3,NONE,0.0,64.3
74764,CLEAR,6787D,-99.334,80.648,0.018,55.3,NONE,0.0,55.3
74765,CLEAR,67874,-98.802,81.179,0.018,58.4,NONE,0.0,58.4
74766,CLEAR,6786B,-98.503,81.478,0.018,54.4,NONE,0.0,54.4
74767,CLEAR,67862,-98.138,81.844,0.018,49.7,NONE,0.0,49.7
74768,CLEAR,67859,-97.95,82.11,0.059,55.3,NONE,0.0,55.3
74769,CLEAR,67850,-97.75,82.231,0.018,54.6,NONE,0.0,54.6
7476A,CLEAR,67847,-97.651,82.331,0.018,53.3,NONE,0.0,53.3
7476B,CLEAR,6783E,-97.638,82.344,0.018,63.1,NONE,0.0,63.1
7476C,CLEAR,67835,-97.638,82.344,0.018,63.1,NONE,0.0,63.1
7476D,CLEAR,6782C,-97.638,82.344,0.018,63.1,NONE,0.0,63.1
7476E,CLEAR,67823,-97.638,82.344,0.018,63.1,NONE,0.0,63.1
7476F,CLEAR,6781A,-97.638,82.344,0.018,73.1,NONE,0.0,73.1
74770,CLEAR,67811,-97.638,82.344,0.018,73.1,NONE,0.0,73.1
74771,CLEAR,67808,-97.638,82.344,0.018,73.1,NONE,0.0,73.1
74772,CLEAR,677FF,-97.638,82.344,0.018,83.1,NONE,0.0,83.1
74773,CLEAR,677F6,-97.638,82.344,0.018,83.1,NONE,0.0,83.1
74774,CLEAR,677ED,-97.638,82.344,0.018,83.1,NONE,0.0,83.1
74775,CLEAR,677E4,-97.638,82.344,0.018,93.1,NONE,0.0,93.1
74776,CLEAR,677DC,-97.638,82.344,0.018,82.5,NONE,0.0,82.5
74777,CLEAR,677D2,-97.638,82.344,0.018,93.1,NONE,0.0,93.1
74778,CLEAR,677C9,-97.638,82.344,0.018,93.1,NONE,0.0,93.1
